label,link
Christoper Marlowe,https://jackwestin.com/daily/mcat-practice-passages/cars-practice-passages/christopher-marlowe
Israelite Monotheism,https://jackwestin.com/daily/mcat-practice-passages/cars-practice-passages/israelite-monotheism
Apache History,https://jackwestin.com/daily/mcat-practice-passages/cars-practice-passages/apache-history
Family Genes,https://jackwestin.com/daily/mcat-practice-passages/cars-practice-passages/family-genes
Labor Surplus,https://jackwestin.com/daily/mcat-practice-passages/cars-practice-passages/labor-surplus
Sappho and Tennyson,https://jackwestin.com/daily/mcat-practice-passages/cars-practice-passages/sappho-and-tennyson
Naipaul's Form,https://jackwestin.com/daily/mcat-practice-passages/cars-practice-passages/naipauls-form
Cuba,https://jackwestin.com/daily/mcat-practice-passages/cars-practice-passages/cuba
Teenager Health,https://jackwestin.com/daily/mcat-practice-passages/cars-practice-passages/teenager-health
Locke's Essay,https://jackwestin.com/daily/mcat-practice-passages/cars-practice-passages/lockes-essay
Polygamy,https://jackwestin.com/daily/mcat-practice-passages/cars-practice-passages/polygamy
Urban Economics,https://jackwestin.com/daily/mcat-practice-passages/cars-practice-passages/urban-economics
Vegetarianism,https://jackwestin.com/daily/mcat-practice-passages/cars-practice-passages/vegetarianism
Modern Invention,https://jackwestin.com/daily/mcat-practice-passages/cars-practice-passages/modern-invention
Economic Models,https://jackwestin.com/daily/mcat-practice-passages/cars-practice-passages/economic-models
Gold Markets,https://jackwestin.com/daily/mcat-practice-passages/cars-practice-passages/gold-markets
William Blake,https://jackwestin.com/daily/mcat-practice-passages/cars-practice-passages/william-blake
Origins of Language,https://jackwestin.com/daily/mcat-practice-passages/cars-practice-passages/origins-of-language
Baroque Art,https://jackwestin.com/daily/mcat-practice-passages/cars-practice-passages/baroque-art
Collage,https://jackwestin.com/daily/mcat-practice-passages/cars-practice-passages/collage
Hating Classical Music,https://jackwestin.com/daily/mcat-practice-passages/cars-practice-passages/hating-classical-music
Stockhausen,https://jackwestin.com/daily/mcat-practice-passages/cars-practice-passages/stockhausen
Serfdom,https://jackwestin.com/daily/mcat-practice-passages/cars-practice-passages/serfdom
1930s Economics,https://jackwestin.com/daily/mcat-practice-passages/cars-practice-passages/1930s-economics
Britain after Rome,https://jackwestin.com/daily/mcat-practice-passages/cars-practice-passages/britain-after-rome
Cuban Crisis,https://jackwestin.com/daily/mcat-practice-passages/cars-practice-passages/cuban-crisis
Party Leaders,https://jackwestin.com/daily/mcat-practice-passages/cars-practice-passages/party-leaders
Psychics,https://jackwestin.com/daily/mcat-practice-passages/cars-practice-passages/psychics
Psychiatric Care,https://jackwestin.com/daily/mcat-practice-passages/cars-practice-passages/psychiatric-care
Treason,https://jackwestin.com/daily/mcat-practice-passages/cars-practice-passages/treason
Joan of Arc,https://jackwestin.com/daily/mcat-practice-passages/cars-practice-passages/joan-of-arc
Rear Window,https://jackwestin.com/daily/mcat-practice-passages/cars-practice-passages/rear-window
Content And Style,https://jackwestin.com/daily/mcat-practice-passages/cars-practice-passages/content-and-style
Milton's Satan,https://jackwestin.com/daily/mcat-practice-passages/cars-practice-passages/miltons-satan
Colonial Religion,https://jackwestin.com/daily/mcat-practice-passages/cars-practice-passages/colonial-religion
Mapping Las Vegas,https://jackwestin.com/daily/mcat-practice-passages/cars-practice-passages/mapping-las-vegas
Skull and Pitcher,https://jackwestin.com/daily/mcat-practice-passages/cars-practice-passages/skull-and-pitcher
Hippocratic Oath,https://jackwestin.com/daily/mcat-practice-passages/cars-practice-passages/hippocratic-oath
Street Names,https://jackwestin.com/daily/mcat-practice-passages/cars-practice-passages/street-names
Moral Relations,https://jackwestin.com/daily/mcat-practice-passages/cars-practice-passages/moral-relations
Moral Perception,https://jackwestin.com/daily/mcat-practice-passages/cars-practice-passages/moral-perception
Differential Association,https://jackwestin.com/daily/mcat-practice-passages/cars-practice-passages/sports-aggression
Hamburger University,https://jackwestin.com/daily/mcat-practice-passages/cars-practice-passages/hamburger-university
Truth & Lie,https://jackwestin.com/daily/mcat-practice-passages/cars-practice-passages/truth-and-lie
Beowulf's Dragon,https://jackwestin.com/daily/mcat-practice-passages/cars-practice-passages/beowulfs-dragon
Structuralism,https://jackwestin.com/daily/mcat-practice-passages/cars-practice-passages/structuralism
Confucian Ethics,https://jackwestin.com/daily/mcat-practice-passages/cars-practice-passages/confucian-ethics
Confucian Essay,https://jackwestin.com/daily/mcat-practice-passages/cars-practice-passages/confucian-essay
The PJs,https://jackwestin.com/daily/mcat-practice-passages/cars-practice-passages/the-pjs
Preston Sturges,https://jackwestin.com/daily/mcat-practice-passages/cars-practice-passages/preston-sturges
Mental Paint,https://jackwestin.com/daily/mcat-practice-passages/cars-practice-passages/mental-paint
Knowlege and Belief,https://jackwestin.com/daily/mcat-practice-passages/cars-practice-passages/knowledge-and-belief
Street Names,https://jackwestin.com/daily/mcat-practice-passages/cars-practice-passages/street-names
Character Traits,https://jackwestin.com/daily/mcat-practice-passages/cars-practice-passages/character-traits
Sociobiologists,https://jackwestin.com/daily/mcat-practice-passages/cars-practice-passages/sociobiologists
Black Suburbs,https://jackwestin.com/daily/mcat-practice-passages/cars-practice-passages/black-suburbs
Fathers and Sons,https://jackwestin.com/daily/mcat-practice-passages/cars-practice-passages/fathers-and-sons
Henry Moore,https://jackwestin.com/daily/mcat-practice-passages/cars-practice-passages/henry-moore
Modernist Space,https://jackwestin.com/daily/mcat-practice-passages/cars-practice-passages/modernist-space
Neolithic Evolution,https://jackwestin.com/daily/mcat-practice-passages/cars-practice-passages/neolithic-revolution
Marcel Proust,https://jackwestin.com/daily/mcat-practice-passages/cars-practice-passages/marcel-proust
Artic Mesa,https://jackwestin.com/daily/mcat-practice-passages/cars-practice-passages/arctic-mesa
Moral Relativism,https://jackwestin.com/daily/mcat-practice-passages/cars-practice-passages/moral-relativism
Ought and Is,https://jackwestin.com/daily/mcat-practice-passages/cars-practice-passages/ought-and-is
Principles,https://jackwestin.com/daily/mcat-practice-passages/cars-practice-passages/principles
Dramatic Genres,https://jackwestin.com/daily/mcat-practice-passages/cars-practice-passages/dramatic-genres
L'Allegro,https://jackwestin.com/daily/mcat-practice-passages/cars-practice-passages/lallegro-il-penseroso
Aircraft Trade,https://jackwestin.com/daily/mcat-practice-passages/cars-practice-passages/aircraft-trade
Minority Owned Businesses,https://jackwestin.com/daily/mcat-practice-passages/cars-practice-passages/minority-owned-businesses
Constructivism,https://jackwestin.com/daily/mcat-practice-passages/cars-practice-passages/constructivism
Bach's Fugue,https://jackwestin.com/daily/mcat-practice-passages/cars-practice-passages/bachs-fugue
Mutiny of 1857,https://jackwestin.com/daily/mcat-practice-passages/cars-practice-passages/mutiny-of-1857
Reagan's SDI,https://jackwestin.com/daily/mcat-practice-passages/cars-practice-passages/reagans-sdi
Intuition,https://jackwestin.com/daily/mcat-practice-passages/cars-practice-passages/intuition
Universal Knowledge,https://jackwestin.com/daily/mcat-practice-passages/cars-practice-passages/universal-knowledge
Eclipse,https://jackwestin.com/daily/mcat-practice-passages/cars-practice-passages/eclipse
Play,https://jackwestin.com/daily/mcat-practice-passages/cars-practice-passages/play
Marx Today,https://jackwestin.com/daily/mcat-practice-passages/cars-practice-passages/marx-today
Bush's Exceptionalism,https://jackwestin.com/daily/mcat-practice-passages/cars-practice-passages/bushs-exceptionalism
Lof and Dom,https://jackwestin.com/daily/mcat-practice-passages/cars-practice-passages/lof-and-dom
Old Norse,https://jackwestin.com/daily/mcat-practice-passages/cars-practice-passages/lof-and-dom
Caeser and Napoleon,https://jackwestin.com/daily/mcat-practice-passages/cars-practice-passages/caesar-and-napoleon
Common Law,https://jackwestin.com/daily/mcat-practice-passages/cars-practice-passages/common-law
Student Learning,https://jackwestin.com/daily/mcat-practice-passages/cars-practice-passages/student-learning
Marat/Sade,https://jackwestin.com/daily/mcat-practice-passages/cars-practice-passages/maratsade
Galations,https://jackwestin.com/daily/mcat-practice-passages/cars-practice-passages/galatians
Edison Historic Park,https://jackwestin.com/daily/mcat-practice-passages/cars-practice-passages/edison-historic-park
Microloans,https://jackwestin.com/daily/mcat-practice-passages/cars-practice-passages/microloans
Eton Choirbook,https://jackwestin.com/daily/mcat-practice-passages/cars-practice-passages/eton-choirbook
Streetcar Named Desire,https://jackwestin.com/daily/mcat-practice-passages/cars-practice-passages/streetcar-named-desire
